<?xml version="1.0" encoding="UTF-8"?>
<beans
  xmlns="http://www.springframework.org/schema/beans"
  xmlns:xsi="http://www.w3.org/2001/XMLSchema-instance" xmlns:util="http://www.springframework.org/schema/util"
  xsi:schemaLocation="http://www.springframework.org/schema/beans http://www.springframework.org/schema/beans/spring-beans.xsd http://www.springframework.org/schema/util http://www.springframework.org/schema/util/spring-util.xsd">

  <bean id="iso19115-3.mgbSchemaPlugin"
        class="org.fao.geonet.schema.iso19115_3_2018.ISO19115_3_2018SchemaPlugin">
    <property name="xpathTitle">
      <util:list value-type="java.lang.String">
        <value>mdb:identificationInfo/*/mri:citation/*/cit:title/gco:CharacterString</value>
        <value>mdb:identificationInfo/*/mri:citation/*/cit:title/*/lan:textGroup/lan:LocalisedCharacterString</value>
      </util:list>
    </property>
    <property name="elementsToProcess">
      <util:list value-type="java.lang.String">
        <value>gco:CharacterString</value>
        <value>gcx:Anchor</value>
      </util:list>
    </property>
    <property name="savedQueries">
      <list>
        <bean class="org.fao.geonet.kernel.schema.SavedQuery">
          <property name="id"
                    value="wfs-indexing-config"/>
          <property name="xpath"
                    value="*//cit:CI_OnlineResource[
                      contains(cit:protocol/gco:CharacterString, '{{protocol}}') and
                      cit:name/gco:CharacterString = '{{name}}' and
                      cit:linkage/gco:CharacterString = '{{url}}']
                    /cit:applicationProfile/gco:CharacterString/text()"/>
        </bean>
      </list>
    </property>
  </bean>
</beans>
